vin,CarId,DateTimeStamp,in_inventory,accident_indicator,TotalLossText,CARFAXImage,AirbagDeploymentText,branded_title_indicator_value,UpsellImage,major_problem_value,report_type,OdometerRollbackText,AccidentIndicatorsText,SummaryImage,ManufacturerRecallText,BBGText,OwnershipText,Make,OneOwnerBBGImage,number_of_owners_indicator_value,FrameDamageText,Disclaimer,Model,accident_count,bbg_indicator_value,damage_indicator_value,number_of_service_records_indicator_value,frame_damage_value,Year,CheckmarkImage,expire_date
3N1CN7AP8FL931900,628240563,14.Mar.2022 01:21:13,Y,N,No Total Loss Reported to CARFAX,http://www.carfaxonline.com/phoenix/img/cfx_logo_bw.jpg,No Airbag Deployment Reported to CARFAX,N,http://www.carfaxonline.com/phoenix/img/ask_text_bw.jpg,N,CIP,No Indication of an Odometer Rollback,No Accidents / Damage Reported to CARFAX,http://www.carfaxonline.com/phoenix/img/summary.jpg,No Manufacturer Recalls Reported to CARFAX,Vehicle Qualifies for the CARFAX Buyback Guarantee,3 Owners,NISSAN,http://www.carfaxonline.com/phoenix/img/bbg_logo_bw.jpg,3,No Structural/Frame Damage Reported to CARFAX,Not all accidents or other issues are reported to CARFAX. The number of owners is estimated. See the full CARFAX Report for additional information and glossary of terms. 14.Mar.2022 01:21:13,VERSA S/S PLUS/SV/SL,0,Y,N,11,N,2015,http://www.carfaxonline.com/phoenix/img/checkmark_bw.jpg,05/31/2022
3N1CN7AP8FL933842,629766146,14.Mar.2022 01:21:13,Y,N,No Total Loss Reported to CARFAX,http://www.carfaxonline.com/phoenix/img/cfx_logo_bw.jpg,No Airbag Deployment Reported to CARFAX,N,http://www.carfaxonline.com/phoenix/img/ask_text_bw.jpg,N,CIP,No Indication of an Odometer Rollback,No Accidents / Damage Reported to CARFAX,http://www.carfaxonline.com/phoenix/img/summary.jpg,No Manufacturer Recalls Reported to CARFAX,Vehicle Qualifies for the CARFAX Buyback Guarantee,2 Owners,NISSAN,http://www.carfaxonline.com/phoenix/img/bbg_logo_bw.jpg,2,No Structural/Frame Damage Reported to CARFAX,Not all accidents or other issues are reported to CARFAX. The number of owners is estimated. See the full CARFAX Report for additional information and glossary of terms. 14.Mar.2022 01:21:13,VERSA S/S PLUS/SV/SL,0,Y,N,11,N,2015,http://www.carfaxonline.com/phoenix/img/checkmark_bw.jpg,05/31/2022
3N1CN7AP8FL934540,3N1CN7AP8FL9345409121220220215,14.Mar.2022 01:21:13,Y,N,No Total Loss Reported to CARFAX,http://www.carfaxonline.com/phoenix/img/cfx_logo_bw.jpg,No Airbag Deployment Reported to CARFAX,N,http://www.carfaxonline.com/phoenix/img/ask_text_bw.jpg,N,CIP,No Indication of an Odometer Rollback,No Accidents / Damage Reported to CARFAX,http://www.carfaxonline.com/phoenix/img/summary.jpg,No Manufacturer Recalls Reported to CARFAX,Vehicle Qualifies for the CARFAX Buyback Guarantee,3 Owners,NISSAN,http://www.carfaxonline.com/phoenix/img/bbg_logo_bw.jpg,3,No Structural/Frame Damage Reported to CARFAX,Not all accidents or other issues are reported to CARFAX. The number of owners is estimated. See the full CARFAX Report for additional information and glossary of terms. 14.Mar.2022 01:21:13,VERSA S/S PLUS/SV/SL,0,Y,N,11,N,2015,http://www.carfaxonline.com/phoenix/img/checkmark_bw.jpg,05/31/2022
3N1CN7AP8FL935364,3N1CN7AP8FL93536413161120220214,14.Mar.2022 01:21:13,Y,N,No Total Loss Reported to CARFAX,http://www.carfaxonline.com/phoenix/img/cfx_logo_bw.jpg,No Airbag Deployment Reported to CARFAX,N,http://www.carfaxonline.com/phoenix/img/ask_text_bw.jpg,N,CIP,No Indication of an Odometer Rollback,No Accidents / Damage Reported to CARFAX,http://www.carfaxonline.com/phoenix/img/summary.jpg,No Manufacturer Recalls Reported to CARFAX,Vehicle Qualifies for the CARFAX Buyback Guarantee,CARFAX 1-Owner,NISSAN,http://www.carfaxonline.com/phoenix/img/one_owner_logo_bw.jpg,1,No Structural/Frame Damage Reported to CARFAX,Not all accidents or other issues are reported to CARFAX. The number of owners is estimated. See the full CARFAX Report for additional information and glossary of terms. 14.Mar.2022 01:21:13,VERSA S/S PLUS/SV/SL,0,Y,N,17,N,2015,http://www.carfaxonline.com/phoenix/img/checkmark_bw.jpg,05/31/2022
3N1CN7AP8FL942847,3N1CN7AP8FL9428476149920220221,14.Mar.2022 01:21:13,Y,N,No Total Loss Reported to CARFAX,http://www.carfaxonline.com/phoenix/img/cfx_logo_bw.jpg,No Airbag Deployment Reported to CARFAX,N,http://www.carfaxonline.com/phoenix/img/ask_text_bw.jpg,N,CIP,No Indication of an Odometer Rollback,No Accidents / Damage Reported to CARFAX,http://www.carfaxonline.com/phoenix/img/summary.jpg,No Manufacturer Recalls Reported to CARFAX,Vehicle Qualifies for the CARFAX Buyback Guarantee,2 Owners,NISSAN,http://www.carfaxonline.com/phoenix/img/bbg_logo_bw.jpg,2,No Structural/Frame Damage Reported to CARFAX,Not all accidents or other issues are reported to CARFAX. The number of owners is estimated. See the full CARFAX Report for additional information and glossary of terms. 14.Mar.2022 01:21:13,VERSA S/S PLUS/SV/SL,0,Y,N,1,N,2015,http://www.carfaxonline.com/phoenix/img/checkmark_bw.jpg,05/31/2022
3N1CN7AP8GL812343,627455133,14.Mar.2022 01:21:13,Y,N,No Total Loss Reported to CARFAX,http://www.carfaxonline.com/phoenix/img/cfx_logo_bw.jpg,No Airbag Deployment Reported to CARFAX,N,http://www.carfaxonline.com/phoenix/img/ask_text_bw.jpg,N,CIP,No Indication of an Odometer Rollback,,http://www.carfaxonline.com/phoenix/img/summary.jpg,No Manufacturer Recalls Reported to CARFAX,Vehicle Qualifies for the CARFAX Buyback Guarantee,,NISSAN,http://www.carfaxonline.com/phoenix/img/bbg_logo_bw.jpg,5,No Structural/Frame Damage Reported to CARFAX,Not all accidents or other issues are reported to CARFAX. The number of owners is estimated. See the full CARFAX Report for additional information and glossary of terms. 14.Mar.2022 01:21:13,VERSA S/S PLUS/SV/SL,0,Y,Y,9,N,2016,http://www.carfaxonline.com/phoenix/img/checkmark_bw.jpg,05/12/2022
3N1CN7AP8GL812729,3N1CN7AP8GL8127299069820220214,14.Mar.2022 01:21:13,Y,N,No Total Loss Reported to CARFAX,http://www.carfaxonline.com/phoenix/img/cfx_logo_bw.jpg,No Airbag Deployment Reported to CARFAX,N,http://www.carfaxonline.com/phoenix/img/ask_text_bw.jpg,N,CIP,No Indication of an Odometer Rollback,No Accidents / Damage Reported to CARFAX,http://www.carfaxonline.com/phoenix/img/summary.jpg,No Manufacturer Recalls Reported to CARFAX,Vehicle Qualifies for the CARFAX Buyback Guarantee,2 Owners,NISSAN,http://www.carfaxonline.com/phoenix/img/bbg_logo_bw.jpg,2,No Structural/Frame Damage Reported to CARFAX,Not all accidents or other issues are reported to CARFAX. The number of owners is estimated. See the full CARFAX Report for additional information and glossary of terms. 14.Mar.2022 01:21:13,VERSA S/S PLUS/SV/SL,0,Y,N,8,N,2016,http://www.carfaxonline.com/phoenix/img/checkmark_bw.jpg,05/31/2022
3N1CN7AP8GL819034,627472019,14.Mar.2022 01:21:13,Y,N,No Total Loss Reported to CARFAX,http://www.carfaxonline.com/phoenix/img/cfx_logo_bw.jpg,No Airbag Deployment Reported to CARFAX,N,http://www.carfaxonline.com/phoenix/img/ask_text_bw.jpg,N,CIP,No Indication of an Odometer Rollback,No Accidents / Damage Reported to CARFAX,http://www.carfaxonline.com/phoenix/img/summary.jpg,No Manufacturer Recalls Reported to CARFAX,Vehicle Qualifies for the CARFAX Buyback Guarantee,2 Owners,NISSAN,http://www.carfaxonline.com/phoenix/img/bbg_logo_bw.jpg,2,No Structural/Frame Damage Reported to CARFAX,Not all accidents or other issues are reported to CARFAX. The number of owners is estimated. See the full CARFAX Report for additional information and glossary of terms. 14.Mar.2022 01:21:13,VERSA S/S PLUS/SV/SL,0,Y,N,6,N,2016,http://www.carfaxonline.com/phoenix/img/checkmark_bw.jpg,05/12/2022
3N1CN7AP8GL826355,3N1CN7AP8GL8263559684020220205,14.Mar.2022 01:21:13,Y,N,No Total Loss Reported to CARFAX,http://www.carfaxonline.com/phoenix/img/cfx_logo_bw.jpg,No Airbag Deployment Reported to CARFAX,N,http://www.carfaxonline.com/phoenix/img/ask_text_bw.jpg,N,CIP,No Indication of an Odometer Rollback,,http://www.carfaxonline.com/phoenix/img/summary.jpg,No Manufacturer Recalls Reported to CARFAX,Vehicle Qualifies for the CARFAX Buyback Guarantee,,NISSAN,http://www.carfaxonline.com/phoenix/img/bbg_logo_bw.jpg,4,No Structural/Frame Damage Reported to CARFAX,Not all accidents or other issues are reported to CARFAX. The number of owners is estimated. See the full CARFAX Report for additional information and glossary of terms. 14.Mar.2022 01:21:13,VERSA S/S PLUS/SV/SL,0,Y,Y,1,N,2016,http://www.carfaxonline.com/phoenix/img/checkmark_bw.jpg,05/12/2022
3N1CN7AP8GL826503,3N1CN7AP8GL826503120220210,14.Mar.2022 01:21:13,Y,N,No Total Loss Reported to CARFAX,http://www.carfaxonline.com/phoenix/img/cfx_logo_bw.jpg,No Airbag Deployment Reported to CARFAX,N,http://www.carfaxonline.com/phoenix/img/ask_text_bw.jpg,N,CIP,No Indication of an Odometer Rollback,No Accidents / Damage Reported to CARFAX,http://www.carfaxonline.com/phoenix/img/summary.jpg,No Manufacturer Recalls Reported to CARFAX,Vehicle Qualifies for the CARFAX Buyback Guarantee,3 Owners,NISSAN,http://www.carfaxonline.com/phoenix/img/bbg_logo_bw.jpg,3,No Structural/Frame Damage Reported to CARFAX,Not all accidents or other issues are reported to CARFAX. The number of owners is estimated. See the full CARFAX Report for additional information and glossary of terms. 14.Mar.2022 01:21:13,VERSA S/S PLUS/SV/SL,0,Y,N,6,N,2016,http://www.carfaxonline.com/phoenix/img/checkmark_bw.jpg,05/19/2022
3N1CN7AP8CL871614,630555212,14.Mar.2022 01:21:12,Y,N,No Total Loss Reported to CARFAX,http://www.carfaxonline.com/phoenix/img/cfx_logo_bw.jpg,No Airbag Deployment Reported to CARFAX,N,http://www.carfaxonline.com/phoenix/img/ask_text_bw.jpg,N,CIP,No Indication of an Odometer Rollback,No Accidents / Damage Reported to CARFAX,http://www.carfaxonline.com/phoenix/img/summary.jpg,No Manufacturer Recalls Reported to CARFAX,Vehicle Qualifies for the CARFAX Buyback Guarantee,CARFAX 1-Owner,NISSAN,http://www.carfaxonline.com/phoenix/img/one_owner_logo_bw.jpg,1,No Structural/Frame Damage Reported to CARFAX,Not all accidents or other issues are reported to CARFAX. The number of owners is estimated. See the full CARFAX Report for additional information and glossary of terms. 14.Mar.2022 01:21:12,VERSA S/SV/SL,0,Y,N,31,N,2012,http://www.carfaxonline.com/phoenix/img/checkmark_bw.jpg,05/31/2022
3N1CN7AP8CL943511,630701007,14.Mar.2022 01:21:12,Y,Y,No Total Loss Reported to CARFAX,http://www.carfaxonline.com/phoenix/img/cfx_logo_bw.jpg,No Airbag Deployment Reported to CARFAX,N,http://www.carfaxonline.com/phoenix/img/ask_text_bw.jpg,N,CIP,No Indication of an Odometer Rollback,,http://www.carfaxonline.com/phoenix/img/summary.jpg,No Manufacturer Recalls Reported to CARFAX,Vehicle Qualifies for the CARFAX Buyback Guarantee,2 Owners,NISSAN,http://www.carfaxonline.com/phoenix/img/bbg_logo_bw.jpg,2,No Structural/Frame Damage Reported to CARFAX,Not all accidents or other issues are reported to CARFAX. The number of owners is estimated. See the full CARFAX Report for additional information and glossary of terms. 14.Mar.2022 01:21:12,VERSA S/SV/SL,1,Y,Y,23,N,2012,http://www.carfaxonline.com/phoenix/img/checkmark_bw.jpg,05/31/2022
3N1CN7AP8DL842082,3N1CN7AP8DL84208211601020220215,14.Mar.2022 01:21:12,Y,N,No Total Loss Reported to CARFAX,http://www.carfaxonline.com/phoenix/img/cfx_logo_bw.jpg,No Airbag Deployment Reported to CARFAX,N,http://www.carfaxonline.com/phoenix/img/ask_text_bw.jpg,N,CIP,No Indication of an Odometer Rollback,No Accidents / Damage Reported to CARFAX,http://www.carfaxonline.com/phoenix/img/summary.jpg,No Manufacturer Recalls Reported to CARFAX,Vehicle Qualifies for the CARFAX Buyback Guarantee,CARFAX 1-Owner,NISSAN,http://www.carfaxonline.com/phoenix/img/one_owner_logo_bw.jpg,1,No Structural/Frame Damage Reported to CARFAX,Not all accidents or other issues are reported to CARFAX. The number of owners is estimated. See the full CARFAX Report for additional information and glossary of terms. 14.Mar.2022 01:21:12,VERSA S/S PLUS/SV/SL,0,Y,N,17,N,2013,http://www.carfaxonline.com/phoenix/img/checkmark_bw.jpg,05/31/2022
3N1CN7AP8DL860159,3N1CN7AP8DL8601598598920220221,14.Mar.2022 01:21:12,Y,N,No Total Loss Reported to CARFAX,http://www.carfaxonline.com/phoenix/img/cfx_logo_bw.jpg,No Airbag Deployment Reported to CARFAX,N,http://www.carfaxonline.com/phoenix/img/ask_text_bw.jpg,N,CIP,No Indication of an Odometer Rollback,No Accidents / Damage Reported to CARFAX,http://www.carfaxonline.com/phoenix/img/summary.jpg,No Manufacturer Recalls Reported to CARFAX,Vehicle Qualifies for the CARFAX Buyback Guarantee,CARFAX 1-Owner,NISSAN,http://www.carfaxonline.com/phoenix/img/one_owner_logo_bw.jpg,1,No Structural/Frame Damage Reported to CARFAX,Not all accidents or other issues are reported to CARFAX. The number of owners is estimated. See the full CARFAX Report for additional information and glossary of terms. 14.Mar.2022 01:21:12,VERSA S/S PLUS/SV/SL,0,Y,N,22,N,2013,http://www.carfaxonline.com/phoenix/img/checkmark_bw.jpg,05/31/2022
3N1CN7AP8DL880606,629434482,14.Mar.2022 01:21:12,Y,N,No Total Loss Reported to CARFAX,http://www.carfaxonline.com/phoenix/img/cfx_logo_bw.jpg,No Airbag Deployment Reported to CARFAX,N,http://www.carfaxonline.com/phoenix/img/ask_text_bw.jpg,N,CIP,No Indication of an Odometer Rollback,,http://www.carfaxonline.com/phoenix/img/summary.jpg,No Manufacturer Recalls Reported to CARFAX,Vehicle Qualifies for the CARFAX Buyback Guarantee,2 Owners,NISSAN,http://www.carfaxonline.com/phoenix/img/bbg_logo_bw.jpg,2,No Structural/Frame Damage Reported to CARFAX,Not all accidents or other issues are reported to CARFAX. The number of owners is estimated. See the full CARFAX Report for additional information and glossary of terms. 14.Mar.2022 01:21:12,VERSA S/S PLUS/SV/SL,0,Y,Y,14,N,2013,http://www.carfaxonline.com/phoenix/img/checkmark_bw.jpg,05/31/2022
3N1CN7AP8EK439405,3N1CN7AP8EK43940512544420220208,14.Mar.2022 01:21:13,Y,Y,No Total Loss Reported to CARFAX,http://www.carfaxonline.com/phoenix/img/cfx_logo_bw.jpg,No Airbag Deployment Reported to CARFAX,N,http://www.carfaxonline.com/phoenix/img/ask_text_bw.jpg,N,CIP,No Indication of an Odometer Rollback,,http://www.carfaxonline.com/phoenix/img/summary.jpg,No Manufacturer Recalls Reported to CARFAX,Vehicle Qualifies for the CARFAX Buyback Guarantee,,NISSAN,http://www.carfaxonline.com/phoenix/img/bbg_logo_bw.jpg,7,No Structural/Frame Damage Reported to CARFAX,Not all accidents or other issues are reported to CARFAX. The number of owners is estimated. See the full CARFAX Report for additional information and glossary of terms. 14.Mar.2022 01:21:13,VERSA S/S PLUS/SV/SL,1,Y,Y,12,N,2014,http://www.carfaxonline.com/phoenix/img/checkmark_bw.jpg,05/19/2022
3N1CN7AP8EL801386,3N1CN7AP8EL8013867044520220211,14.Mar.2022 01:21:13,Y,N,No Total Loss Reported to CARFAX,http://www.carfaxonline.com/phoenix/img/cfx_logo_bw.jpg,No Airbag Deployment Reported to CARFAX,N,http://www.carfaxonline.com/phoenix/img/ask_text_bw.jpg,N,CIP,No Indication of an Odometer Rollback,No Accidents / Damage Reported to CARFAX,http://www.carfaxonline.com/phoenix/img/summary.jpg,No Manufacturer Recalls Reported to CARFAX,Vehicle Qualifies for the CARFAX Buyback Guarantee,2 Owners,NISSAN,http://www.carfaxonline.com/phoenix/img/bbg_logo_bw.jpg,2,No Structural/Frame Damage Reported to CARFAX,Not all accidents or other issues are reported to CARFAX. The number of owners is estimated. See the full CARFAX Report for additional information and glossary of terms. 14.Mar.2022 01:21:13,VERSA S/S PLUS/SV/SL,0,Y,N,29,N,2014,http://www.carfaxonline.com/phoenix/img/checkmark_bw.jpg,05/19/2022
3N1CN7AP8EL810069,627807551,14.Mar.2022 01:21:12,Y,N,No Total Loss Reported to CARFAX,http://www.carfaxonline.com/phoenix/img/cfx_logo_bw.jpg,No Airbag Deployment Reported to CARFAX,N,http://www.carfaxonline.com/phoenix/img/ask_text_bw.jpg,N,CIP,No Indication of an Odometer Rollback,No Accidents / Damage Reported to CARFAX,http://www.carfaxonline.com/phoenix/img/summary.jpg,,Vehicle Qualifies for the CARFAX Buyback Guarantee,3 Owners,NISSAN,http://www.carfaxonline.com/phoenix/img/bbg_logo_bw.jpg,3,No Structural/Frame Damage Reported to CARFAX,Not all accidents or other issues are reported to CARFAX. The number of owners is estimated. See the full CARFAX Report for additional information and glossary of terms. 14.Mar.2022 01:21:12,VERSA S/S PLUS/SV/SL,0,Y,N,13,N,2014,http://www.carfaxonline.com/phoenix/img/checkmark_bw.jpg,04/27/2022
3N1CN7AP8EL819919,3N1CN7AP8EL8199196611720220211,,Y,N,,,,N,,Y,CIP,,,,,,,,,3,,,,0,Y,N,14,N,,,05/19/2022
3N1CN7AP8EL836445,629775467,14.Mar.2022 01:21:12,Y,N,No Total Loss Reported to CARFAX,http://www.carfaxonline.com/phoenix/img/cfx_logo_bw.jpg,No Airbag Deployment Reported to CARFAX,N,http://www.carfaxonline.com/phoenix/img/ask_text_bw.jpg,N,CIP,No Indication of an Odometer Rollback,No Accidents / Damage Reported to CARFAX,http://www.carfaxonline.com/phoenix/img/summary.jpg,No Manufacturer Recalls Reported to CARFAX,Vehicle Qualifies for the CARFAX Buyback Guarantee,CARFAX 1-Owner,NISSAN,http://www.carfaxonline.com/phoenix/img/one_owner_logo_bw.jpg,1,No Structural/Frame Damage Reported to CARFAX,Not all accidents or other issues are reported to CARFAX. The number of owners is estimated. See the full CARFAX Report for additional information and glossary of terms. 14.Mar.2022 01:21:12,VERSA S/S PLUS/SV/SL,0,Y,N,30,N,2014,http://www.carfaxonline.com/phoenix/img/checkmark_bw.jpg,05/31/2022
3N1CN7AP8EL849809,629683031,14.Mar.2022 01:21:13,Y,N,No Total Loss Reported to CARFAX,http://www.carfaxonline.com/phoenix/img/cfx_logo_bw.jpg,No Airbag Deployment Reported to CARFAX,N,http://www.carfaxonline.com/phoenix/img/ask_text_bw.jpg,N,CIP,No Indication of an Odometer Rollback,No Accidents / Damage Reported to CARFAX,http://www.carfaxonline.com/phoenix/img/summary.jpg,No Manufacturer Recalls Reported to CARFAX,Vehicle Qualifies for the CARFAX Buyback Guarantee,3 Owners,NISSAN,http://www.carfaxonline.com/phoenix/img/bbg_logo_bw.jpg,3,No Structural/Frame Damage Reported to CARFAX,Not all accidents or other issues are reported to CARFAX. The number of owners is estimated. See the full CARFAX Report for additional information and glossary of terms. 14.Mar.2022 01:21:13,VERSA S/S PLUS/SV/SL,0,Y,N,9,N,2014,http://www.carfaxonline.com/phoenix/img/checkmark_bw.jpg,03/22/2022
3N1CN7AP8EL854363,3N1CN7AP8EL8543636096120220211,14.Mar.2022 01:21:12,Y,N,No Total Loss Reported to CARFAX,http://www.carfaxonline.com/phoenix/img/cfx_logo_bw.jpg,No Airbag Deployment Reported to CARFAX,N,http://www.carfaxonline.com/phoenix/img/ask_text_bw.jpg,N,CIP,No Indication of an Odometer Rollback,No Accidents / Damage Reported to CARFAX,http://www.carfaxonline.com/phoenix/img/summary.jpg,No Manufacturer Recalls Reported to CARFAX,Vehicle Qualifies for the CARFAX Buyback Guarantee,2 Owners,NISSAN,http://www.carfaxonline.com/phoenix/img/bbg_logo_bw.jpg,2,No Structural/Frame Damage Reported to CARFAX,Not all accidents or other issues are reported to CARFAX. The number of owners is estimated. See the full CARFAX Report for additional information and glossary of terms. 14.Mar.2022 01:21:12,VERSA S/S PLUS/SV/SL,0,Y,N,4,N,2014,http://www.carfaxonline.com/phoenix/img/checkmark_bw.jpg,05/19/2022
3N1CN7AP8FL807609,3N1CN7AP8FL80760916635820220216,14.Mar.2022 01:21:12,Y,N,No Total Loss Reported to CARFAX,http://www.carfaxonline.com/phoenix/img/cfx_logo_bw.jpg,No Airbag Deployment Reported to CARFAX,N,http://www.carfaxonline.com/phoenix/img/ask_text_bw.jpg,N,CIP,No Indication of an Odometer Rollback,No Accidents / Damage Reported to CARFAX,http://www.carfaxonline.com/phoenix/img/summary.jpg,No Manufacturer Recalls Reported to CARFAX,Vehicle Qualifies for the CARFAX Buyback Guarantee,CARFAX 1-Owner,NISSAN,http://www.carfaxonline.com/phoenix/img/one_owner_logo_bw.jpg,1,No Structural/Frame Damage Reported to CARFAX,Not all accidents or other issues are reported to CARFAX. The number of owners is estimated. See the full CARFAX Report for additional information and glossary of terms. 14.Mar.2022 01:21:12,VERSA S/S PLUS/SV/SL,0,Y,N,8,N,2015,http://www.carfaxonline.com/phoenix/img/checkmark_bw.jpg,05/31/2022
3N1CN7AP8FL816701,3N1CN7AP8FL81670110009620220216,14.Mar.2022 01:21:13,Y,N,No Total Loss Reported to CARFAX,http://www.carfaxonline.com/phoenix/img/cfx_logo_bw.jpg,No Airbag Deployment Reported to CARFAX,N,http://www.carfaxonline.com/phoenix/img/ask_text_bw.jpg,N,CIP,No Indication of an Odometer Rollback,No Accidents / Damage Reported to CARFAX,http://www.carfaxonline.com/phoenix/img/summary.jpg,No Manufacturer Recalls Reported to CARFAX,Vehicle Qualifies for the CARFAX Buyback Guarantee,CARFAX 1-Owner,NISSAN,http://www.carfaxonline.com/phoenix/img/one_owner_logo_bw.jpg,1,No Structural/Frame Damage Reported to CARFAX,Not all accidents or other issues are reported to CARFAX. The number of owners is estimated. See the full CARFAX Report for additional information and glossary of terms. 14.Mar.2022 01:21:13,VERSA S/S PLUS/SV/SL,0,Y,N,16,N,2015,http://www.carfaxonline.com/phoenix/img/checkmark_bw.jpg,05/31/2022
3N1CN7AP8FL823471,3N1CN7AP8FL8234717422720220218,,Y,N,,,,Y,,Y,CIP,,,,,,,,,1,,,,0,N,N,6,N,,,05/31/2022
3N1CN7AP8FL839542,3N1CN7AP8FL8395426468920220209,,Y,N,,,,Y,,Y,CIP,,,,,,,,,1,,,,0,N,N,9,N,,,05/19/2022
3N1CN7AP8FL840819,3N1CN7AP8FL8408198055620220209,14.Mar.2022 01:21:12,Y,N,No Total Loss Reported to CARFAX,http://www.carfaxonline.com/phoenix/img/cfx_logo_bw.jpg,No Airbag Deployment Reported to CARFAX,N,http://www.carfaxonline.com/phoenix/img/ask_text_bw.jpg,N,CIP,No Indication of an Odometer Rollback,,http://www.carfaxonline.com/phoenix/img/summary.jpg,No Manufacturer Recalls Reported to CARFAX,Vehicle Qualifies for the CARFAX Buyback Guarantee,2 Owners,NISSAN,http://www.carfaxonline.com/phoenix/img/bbg_logo_bw.jpg,2,No Structural/Frame Damage Reported to CARFAX,Not all accidents or other issues are reported to CARFAX. The number of owners is estimated. See the full CARFAX Report for additional information and glossary of terms. 14.Mar.2022 01:21:12,VERSA S/S PLUS/SV/SL,0,Y,Y,12,N,2015,http://www.carfaxonline.com/phoenix/img/checkmark_bw.jpg,05/19/2022
3N1CN7AP8FL871200,624000789,14.Mar.2022 01:21:12,Y,N,No Total Loss Reported to CARFAX,http://www.carfaxonline.com/phoenix/img/cfx_logo_bw.jpg,No Airbag Deployment Reported to CARFAX,N,http://www.carfaxonline.com/phoenix/img/ask_text_bw.jpg,N,CIP,No Indication of an Odometer Rollback,No Accidents / Damage Reported to CARFAX,http://www.carfaxonline.com/phoenix/img/summary.jpg,,Vehicle Qualifies for the CARFAX Buyback Guarantee,3 Owners,NISSAN,http://www.carfaxonline.com/phoenix/img/bbg_logo_bw.jpg,3,No Structural/Frame Damage Reported to CARFAX,Not all accidents or other issues are reported to CARFAX. The number of owners is estimated. See the full CARFAX Report for additional information and glossary of terms. 14.Mar.2022 01:21:12,VERSA S/S PLUS/SV/SL,0,Y,N,9,N,2015,http://www.carfaxonline.com/phoenix/img/checkmark_bw.jpg,04/18/2022
3N1CN7AP8FL887140,628374985,14.Mar.2022 01:21:13,Y,N,No Total Loss Reported to CARFAX,http://www.carfaxonline.com/phoenix/img/cfx_logo_bw.jpg,No Airbag Deployment Reported to CARFAX,N,http://www.carfaxonline.com/phoenix/img/ask_text_bw.jpg,N,CIP,No Indication of an Odometer Rollback,No Accidents / Damage Reported to CARFAX,http://www.carfaxonline.com/phoenix/img/summary.jpg,No Manufacturer Recalls Reported to CARFAX,Vehicle Qualifies for the CARFAX Buyback Guarantee,2 Owners,NISSAN,http://www.carfaxonline.com/phoenix/img/bbg_logo_bw.jpg,2,No Structural/Frame Damage Reported to CARFAX,Not all accidents or other issues are reported to CARFAX. The number of owners is estimated. See the full CARFAX Report for additional information and glossary of terms. 14.Mar.2022 01:21:13,VERSA S/S PLUS/SV/SL,0,Y,N,11,N,2015,http://www.carfaxonline.com/phoenix/img/checkmark_bw.jpg,05/19/2022
3N1CN7AP8FL906723,3N1CN7AP8FL90672310449520220210,14.Mar.2022 01:21:13,Y,N,No Total Loss Reported to CARFAX,http://www.carfaxonline.com/phoenix/img/cfx_logo_bw.jpg,No Airbag Deployment Reported to CARFAX,N,http://www.carfaxonline.com/phoenix/img/ask_text_bw.jpg,N,CIP,No Indication of an Odometer Rollback,No Accidents / Damage Reported to CARFAX,http://www.carfaxonline.com/phoenix/img/summary.jpg,No Manufacturer Recalls Reported to CARFAX,Vehicle Qualifies for the CARFAX Buyback Guarantee,CARFAX 1-Owner,NISSAN,http://www.carfaxonline.com/phoenix/img/one_owner_logo_bw.jpg,1,No Structural/Frame Damage Reported to CARFAX,Not all accidents or other issues are reported to CARFAX. The number of owners is estimated. See the full CARFAX Report for additional information and glossary of terms. 14.Mar.2022 01:21:13,VERSA S/S PLUS/SV/SL,0,Y,N,22,N,2015,http://www.carfaxonline.com/phoenix/img/checkmark_bw.jpg,05/19/2022
3N1CN7AP8GL827344,630404123,14.Mar.2022 01:21:15,Y,N,No Total Loss Reported to CARFAX,http://www.carfaxonline.com/phoenix/img/cfx_logo_bw.jpg,No Airbag Deployment Reported to CARFAX,N,http://www.carfaxonline.com/phoenix/img/ask_text_bw.jpg,N,CIP,No Indication of an Odometer Rollback,No Accidents / Damage Reported to CARFAX,http://www.carfaxonline.com/phoenix/img/summary.jpg,No Manufacturer Recalls Reported to CARFAX,Vehicle Qualifies for the CARFAX Buyback Guarantee,2 Owners,NISSAN,http://www.carfaxonline.com/phoenix/img/bbg_logo_bw.jpg,2,No Structural/Frame Damage Reported to CARFAX,Not all accidents or other issues are reported to CARFAX. The number of owners is estimated. See the full CARFAX Report for additional information and glossary of terms. 14.Mar.2022 01:21:15,VERSA S/S PLUS/SV/SL,0,Y,N,1,N,2016,http://www.carfaxonline.com/phoenix/img/checkmark_bw.jpg,04/27/2022
3N1CN7AP8GL829613,625106131,14.Mar.2022 01:21:15,Y,N,No Total Loss Reported to CARFAX,http://www.carfaxonline.com/phoenix/img/cfx_logo_bw.jpg,No Airbag Deployment Reported to CARFAX,N,http://www.carfaxonline.com/phoenix/img/ask_text_bw.jpg,N,CIP,No Indication of an Odometer Rollback,No Accidents / Damage Reported to CARFAX,http://www.carfaxonline.com/phoenix/img/summary.jpg,No Manufacturer Recalls Reported to CARFAX,Vehicle Qualifies for the CARFAX Buyback Guarantee,3 Owners,NISSAN,http://www.carfaxonline.com/phoenix/img/bbg_logo_bw.jpg,3,No Structural/Frame Damage Reported to CARFAX,Not all accidents or other issues are reported to CARFAX. The number of owners is estimated. See the full CARFAX Report for additional information and glossary of terms. 14.Mar.2022 01:21:15,VERSA S/S PLUS/SV/SL,0,Y,N,4,N,2016,http://www.carfaxonline.com/phoenix/img/checkmark_bw.jpg,05/12/2022
3N1CN7AP8GL841910,628329474,14.Mar.2022 01:21:15,Y,N,No Total Loss Reported to CARFAX,http://www.carfaxonline.com/phoenix/img/cfx_logo_bw.jpg,No Airbag Deployment Reported to CARFAX,N,http://www.carfaxonline.com/phoenix/img/ask_text_bw.jpg,N,CIP,No Indication of an Odometer Rollback,No Accidents / Damage Reported to CARFAX,http://www.carfaxonline.com/phoenix/img/summary.jpg,No Manufacturer Recalls Reported to CARFAX,Vehicle Qualifies for the CARFAX Buyback Guarantee,CARFAX 1-Owner,NISSAN,http://www.carfaxonline.com/phoenix/img/one_owner_logo_bw.jpg,1,No Structural/Frame Damage Reported to CARFAX,Not all accidents or other issues are reported to CARFAX. The number of owners is estimated. See the full CARFAX Report for additional information and glossary of terms. 14.Mar.2022 01:21:15,VERSA S/S PLUS/SV/SL,0,Y,N,23,N,2016,http://www.carfaxonline.com/phoenix/img/checkmark_bw.jpg,05/31/2022
3N1CN7AP8GL850350,629127895,14.Mar.2022 01:21:15,Y,N,No Total Loss Reported to CARFAX,http://www.carfaxonline.com/phoenix/img/cfx_logo_bw.jpg,No Airbag Deployment Reported to CARFAX,N,http://www.carfaxonline.com/phoenix/img/ask_text_bw.jpg,N,CIP,,No Accidents / Damage Reported to CARFAX,http://www.carfaxonline.com/phoenix/img/summary.jpg,No Manufacturer Recalls Reported to CARFAX,Vehicle Qualifies for the CARFAX Buyback Guarantee,2 Owners,NISSAN,http://www.carfaxonline.com/phoenix/img/bbg_logo_bw.jpg,2,No Structural/Frame Damage Reported to CARFAX,Not all accidents or other issues are reported to CARFAX. The number of owners is estimated. See the full CARFAX Report for additional information and glossary of terms. 14.Mar.2022 01:21:15,VERSA S/S PLUS/SV/SL,0,Y,N,4,N,2016,http://www.carfaxonline.com/phoenix/img/checkmark_bw.jpg,05/19/2022
3N1CN7AP8GL861929,3N1CN7AP8GL8619298318120220215,14.Mar.2022 01:21:15,Y,N,No Total Loss Reported to CARFAX,http://www.carfaxonline.com/phoenix/img/cfx_logo_bw.jpg,No Airbag Deployment Reported to CARFAX,N,http://www.carfaxonline.com/phoenix/img/ask_text_bw.jpg,N,CIP,No Indication of an Odometer Rollback,No Accidents / Damage Reported to CARFAX,http://www.carfaxonline.com/phoenix/img/summary.jpg,No Manufacturer Recalls Reported to CARFAX,Vehicle Qualifies for the CARFAX Buyback Guarantee,2 Owners,NISSAN,http://www.carfaxonline.com/phoenix/img/bbg_logo_bw.jpg,2,No Structural/Frame Damage Reported to CARFAX,Not all accidents or other issues are reported to CARFAX. The number of owners is estimated. See the full CARFAX Report for additional information and glossary of terms. 14.Mar.2022 01:21:15,VERSA S/S PLUS/SV/SL,0,Y,N,13,N,2016,http://www.carfaxonline.com/phoenix/img/checkmark_bw.jpg,05/12/2022
3N1CN7AP8GL862224,3N1CN7AP8GL86222410995320220203,14.Mar.2022 01:21:15,Y,N,No Total Loss Reported to CARFAX,http://www.carfaxonline.com/phoenix/img/cfx_logo_bw.jpg,No Airbag Deployment Reported to CARFAX,N,http://www.carfaxonline.com/phoenix/img/ask_text_bw.jpg,N,CIP,No Indication of an Odometer Rollback,No Accidents / Damage Reported to CARFAX,http://www.carfaxonline.com/phoenix/img/summary.jpg,No Manufacturer Recalls Reported to CARFAX,Vehicle Qualifies for the CARFAX Buyback Guarantee,2 Owners,NISSAN,http://www.carfaxonline.com/phoenix/img/bbg_logo_bw.jpg,2,No Structural/Frame Damage Reported to CARFAX,Not all accidents or other issues are reported to CARFAX. The number of owners is estimated. See the full CARFAX Report for additional information and glossary of terms. 14.Mar.2022 01:21:15,VERSA S/S PLUS/SV/SL,0,Y,N,3,N,2016,http://www.carfaxonline.com/phoenix/img/checkmark_bw.jpg,05/12/2022
3N1CN7AP8GL865737,628336643,14.Mar.2022 01:21:16,Y,N,No Total Loss Reported to CARFAX,http://www.carfaxonline.com/phoenix/img/cfx_logo_bw.jpg,No Airbag Deployment Reported to CARFAX,N,http://www.carfaxonline.com/phoenix/img/ask_text_bw.jpg,N,CIP,No Indication of an Odometer Rollback,No Accidents / Damage Reported to CARFAX,http://www.carfaxonline.com/phoenix/img/summary.jpg,No Manufacturer Recalls Reported to CARFAX,Vehicle Qualifies for the CARFAX Buyback Guarantee,CARFAX 1-Owner,NISSAN,http://www.carfaxonline.com/phoenix/img/one_owner_logo_bw.jpg,1,No Structural/Frame Damage Reported to CARFAX,Not all accidents or other issues are reported to CARFAX. The number of owners is estimated. See the full CARFAX Report for additional information and glossary of terms. 14.Mar.2022 01:21:16,VERSA S/S PLUS/SV/SL,0,Y,N,25,N,2016,http://www.carfaxonline.com/phoenix/img/checkmark_bw.jpg,05/19/2022
3N1CN7AP8GL872235,3N1CN7AP8GL87223519725120220204,14.Mar.2022 01:21:15,Y,N,No Total Loss Reported to CARFAX,http://www.carfaxonline.com/phoenix/img/cfx_logo_bw.jpg,No Airbag Deployment Reported to CARFAX,N,http://www.carfaxonline.com/phoenix/img/ask_text_bw.jpg,N,CIP,No Indication of an Odometer Rollback,No Accidents / Damage Reported to CARFAX,http://www.carfaxonline.com/phoenix/img/summary.jpg,No Manufacturer Recalls Reported to CARFAX,Vehicle Qualifies for the CARFAX Buyback Guarantee,CARFAX 1-Owner,NISSAN,http://www.carfaxonline.com/phoenix/img/one_owner_logo_bw.jpg,1,No Structural/Frame Damage Reported to CARFAX,Not all accidents or other issues are reported to CARFAX. The number of owners is estimated. See the full CARFAX Report for additional information and glossary of terms. 14.Mar.2022 01:21:15,VERSA S/S PLUS/SV/SL,0,Y,N,15,N,2016,http://www.carfaxonline.com/phoenix/img/checkmark_bw.jpg,05/12/2022
3N1CN7AP8GL880948,627227781,14.Mar.2022 01:21:15,Y,N,No Total Loss Reported to CARFAX,http://www.carfaxonline.com/phoenix/img/cfx_logo_bw.jpg,No Airbag Deployment Reported to CARFAX,N,http://www.carfaxonline.com/phoenix/img/ask_text_bw.jpg,N,CIP,No Indication of an Odometer Rollback,No Accidents / Damage Reported to CARFAX,http://www.carfaxonline.com/phoenix/img/summary.jpg,No Manufacturer Recalls Reported to CARFAX,Vehicle Qualifies for the CARFAX Buyback Guarantee,2 Owners,NISSAN,http://www.carfaxonline.com/phoenix/img/bbg_logo_bw.jpg,2,No Structural/Frame Damage Reported to CARFAX,Not all accidents or other issues are reported to CARFAX. The number of owners is estimated. See the full CARFAX Report for additional information and glossary of terms. 14.Mar.2022 01:21:15,VERSA S/S PLUS/SV/SL,0,Y,N,3,N,2016,http://www.carfaxonline.com/phoenix/img/checkmark_bw.jpg,05/19/2022
3N1CN7AP8GL884157,3N1CN7AP8GL88415711838920220210,14.Mar.2022 01:21:16,Y,N,No Total Loss Reported to CARFAX,http://www.carfaxonline.com/phoenix/img/cfx_logo_bw.jpg,No Airbag Deployment Reported to CARFAX,N,http://www.carfaxonline.com/phoenix/img/ask_text_bw.jpg,N,CIP,No Indication of an Odometer Rollback,No Accidents / Damage Reported to CARFAX,http://www.carfaxonline.com/phoenix/img/summary.jpg,No Manufacturer Recalls Reported to CARFAX,Vehicle Qualifies for the CARFAX Buyback Guarantee,2 Owners,NISSAN,http://www.carfaxonline.com/phoenix/img/bbg_logo_bw.jpg,2,No Structural/Frame Damage Reported to CARFAX,Not all accidents or other issues are reported to CARFAX. The number of owners is estimated. See the full CARFAX Report for additional information and glossary of terms. 14.Mar.2022 01:21:16,VERSA S/S PLUS/SV/SL,0,Y,N,9,N,2016,http://www.carfaxonline.com/phoenix/img/checkmark_bw.jpg,05/19/2022
3N1CN7AP8GL887138,3N1CN7AP8GL8871387013420220214,14.Mar.2022 01:21:16,Y,N,No Total Loss Reported to CARFAX,http://www.carfaxonline.com/phoenix/img/cfx_logo_bw.jpg,No Airbag Deployment Reported to CARFAX,N,http://www.carfaxonline.com/phoenix/img/ask_text_bw.jpg,N,CIP,No Indication of an Odometer Rollback,No Accidents / Damage Reported to CARFAX,http://www.carfaxonline.com/phoenix/img/summary.jpg,No Manufacturer Recalls Reported to CARFAX,Vehicle Qualifies for the CARFAX Buyback Guarantee,2 Owners,NISSAN,http://www.carfaxonline.com/phoenix/img/bbg_logo_bw.jpg,2,No Structural/Frame Damage Reported to CARFAX,Not all accidents or other issues are reported to CARFAX. The number of owners is estimated. See the full CARFAX Report for additional information and glossary of terms. 14.Mar.2022 01:21:16,VERSA S/S PLUS/SV/SL,0,Y,N,9,N,2016,http://www.carfaxonline.com/phoenix/img/checkmark_bw.jpg,05/31/2022
3N1CN7AP8GL889066,629780894,14.Mar.2022 01:21:16,Y,N,No Total Loss Reported to CARFAX,http://www.carfaxonline.com/phoenix/img/cfx_logo_bw.jpg,No Airbag Deployment Reported to CARFAX,N,http://www.carfaxonline.com/phoenix/img/ask_text_bw.jpg,N,CIP,No Indication of an Odometer Rollback,No Accidents / Damage Reported to CARFAX,http://www.carfaxonline.com/phoenix/img/summary.jpg,No Manufacturer Recalls Reported to CARFAX,Vehicle Qualifies for the CARFAX Buyback Guarantee,3 Owners,NISSAN,http://www.carfaxonline.com/phoenix/img/bbg_logo_bw.jpg,3,No Structural/Frame Damage Reported to CARFAX,Not all accidents or other issues are reported to CARFAX. The number of owners is estimated. See the full CARFAX Report for additional information and glossary of terms. 14.Mar.2022 01:21:16,VERSA S/S PLUS/SV/SL,0,Y,N,11,N,2016,http://www.carfaxonline.com/phoenix/img/checkmark_bw.jpg,05/31/2022
3N1CN7AP8GL891027,625054532,14.Mar.2022 01:21:16,Y,N,No Total Loss Reported to CARFAX,http://www.carfaxonline.com/phoenix/img/cfx_logo_bw.jpg,No Airbag Deployment Reported to CARFAX,N,http://www.carfaxonline.com/phoenix/img/ask_text_bw.jpg,N,CIP,No Indication of an Odometer Rollback,No Accidents / Damage Reported to CARFAX,http://www.carfaxonline.com/phoenix/img/summary.jpg,No Manufacturer Recalls Reported to CARFAX,Vehicle Qualifies for the CARFAX Buyback Guarantee,,NISSAN,http://www.carfaxonline.com/phoenix/img/bbg_logo_bw.jpg,4,No Structural/Frame Damage Reported to CARFAX,Not all accidents or other issues are reported to CARFAX. The number of owners is estimated. See the full CARFAX Report for additional information and glossary of terms. 14.Mar.2022 01:21:16,VERSA S/S PLUS/SV/SL,0,Y,N,13,N,2016,http://www.carfaxonline.com/phoenix/img/checkmark_bw.jpg,05/12/2022
3N1CN7AP8GL891089,629136838,14.Mar.2022 01:21:16,Y,N,No Total Loss Reported to CARFAX,http://www.carfaxonline.com/phoenix/img/cfx_logo_bw.jpg,No Airbag Deployment Reported to CARFAX,N,http://www.carfaxonline.com/phoenix/img/ask_text_bw.jpg,N,CIP,No Indication of an Odometer Rollback,No Accidents / Damage Reported to CARFAX,http://www.carfaxonline.com/phoenix/img/summary.jpg,No Manufacturer Recalls Reported to CARFAX,Vehicle Qualifies for the CARFAX Buyback Guarantee,CARFAX 1-Owner,NISSAN,http://www.carfaxonline.com/phoenix/img/one_owner_logo_bw.jpg,1,No Structural/Frame Damage Reported to CARFAX,Not all accidents or other issues are reported to CARFAX. The number of owners is estimated. See the full CARFAX Report for additional information and glossary of terms. 14.Mar.2022 01:21:16,VERSA S/S PLUS/SV/SL,0,Y,N,5,N,2016,http://www.carfaxonline.com/phoenix/img/checkmark_bw.jpg,05/19/2022
3N1CN7AP8GL892033,627392703,14.Mar.2022 01:21:16,Y,N,No Total Loss Reported to CARFAX,http://www.carfaxonline.com/phoenix/img/cfx_logo_bw.jpg,No Airbag Deployment Reported to CARFAX,N,http://www.carfaxonline.com/phoenix/img/ask_text_bw.jpg,N,CIP,No Indication of an Odometer Rollback,No Accidents / Damage Reported to CARFAX,http://www.carfaxonline.com/phoenix/img/summary.jpg,No Manufacturer Recalls Reported to CARFAX,Vehicle Qualifies for the CARFAX Buyback Guarantee,CARFAX 1-Owner,NISSAN,http://www.carfaxonline.com/phoenix/img/one_owner_logo_bw.jpg,1,No Structural/Frame Damage Reported to CARFAX,Not all accidents or other issues are reported to CARFAX. The number of owners is estimated. See the full CARFAX Report for additional information and glossary of terms. 14.Mar.2022 01:21:16,VERSA S/S PLUS/SV/SL,0,Y,N,14,N,2016,http://www.carfaxonline.com/phoenix/img/checkmark_bw.jpg,05/12/2022
3N1CN7AP8GL897703,3N1CN7AP8GL89770310912420220211,14.Mar.2022 01:21:16,Y,N,No Total Loss Reported to CARFAX,http://www.carfaxonline.com/phoenix/img/cfx_logo_bw.jpg,No Airbag Deployment Reported to CARFAX,N,http://www.carfaxonline.com/phoenix/img/ask_text_bw.jpg,N,CIP,No Indication of an Odometer Rollback,,http://www.carfaxonline.com/phoenix/img/summary.jpg,No Manufacturer Recalls Reported to CARFAX,Vehicle Qualifies for the CARFAX Buyback Guarantee,2 Owners,NISSAN,http://www.carfaxonline.com/phoenix/img/bbg_logo_bw.jpg,2,No Structural/Frame Damage Reported to CARFAX,Not all accidents or other issues are reported to CARFAX. The number of owners is estimated. See the full CARFAX Report for additional information and glossary of terms. 14.Mar.2022 01:21:16,VERSA S/S PLUS/SV/SL,0,Y,Y,2,N,2016,http://www.carfaxonline.com/phoenix/img/checkmark_bw.jpg,05/19/2022
3N1CN7AP8GL912779,3N1CN7AP8GL9127798487320220201,14.Mar.2022 01:21:16,Y,Y,No Total Loss Reported to CARFAX,http://www.carfaxonline.com/phoenix/img/cfx_logo_bw.jpg,No Airbag Deployment Reported to CARFAX,N,http://www.carfaxonline.com/phoenix/img/ask_text_bw.jpg,N,CIP,No Indication of an Odometer Rollback,,http://www.carfaxonline.com/phoenix/img/summary.jpg,No Manufacturer Recalls Reported to CARFAX,Vehicle Qualifies for the CARFAX Buyback Guarantee,CARFAX 1-Owner,NISSAN,http://www.carfaxonline.com/phoenix/img/one_owner_logo_bw.jpg,1,No Structural/Frame Damage Reported to CARFAX,Not all accidents or other issues are reported to CARFAX. The number of owners is estimated. See the full CARFAX Report for additional information and glossary of terms. 14.Mar.2022 01:21:16,VERSA S/S PLUS/SV/SL,1,Y,Y,10,N,2016,http://www.carfaxonline.com/phoenix/img/checkmark_bw.jpg,05/19/2022
3N1CN7AP8GL916265,3N1CN7AP8GL9162657996420220215,14.Mar.2022 01:21:16,Y,N,No Total Loss Reported to CARFAX,http://www.carfaxonline.com/phoenix/img/cfx_logo_bw.jpg,No Airbag Deployment Reported to CARFAX,N,http://www.carfaxonline.com/phoenix/img/ask_text_bw.jpg,N,CIP,No Indication of an Odometer Rollback,,http://www.carfaxonline.com/phoenix/img/summary.jpg,No Manufacturer Recalls Reported to CARFAX,Vehicle Qualifies for the CARFAX Buyback Guarantee,CARFAX 1-Owner,NISSAN,http://www.carfaxonline.com/phoenix/img/one_owner_logo_bw.jpg,1,No Structural/Frame Damage Reported to CARFAX,Not all accidents or other issues are reported to CARFAX. The number of owners is estimated. See the full CARFAX Report for additional information and glossary of terms. 14.Mar.2022 01:21:16,VERSA S/S PLUS/SV/SL,0,Y,Y,6,N,2016,http://www.carfaxonline.com/phoenix/img/checkmark_bw.jpg,05/31/2022
3N1CN7AP8HK469332,629780036,14.Mar.2022 01:21:16,Y,N,No Total Loss Reported to CARFAX,http://www.carfaxonline.com/phoenix/img/cfx_logo_bw.jpg,No Airbag Deployment Reported to CARFAX,N,http://www.carfaxonline.com/phoenix/img/ask_text_bw.jpg,N,CIP,No Indication of an Odometer Rollback,No Accidents / Damage Reported to CARFAX,http://www.carfaxonline.com/phoenix/img/summary.jpg,,Vehicle Qualifies for the CARFAX Buyback Guarantee,3 Owners,NISSAN,http://www.carfaxonline.com/phoenix/img/bbg_logo_bw.jpg,3,No Structural/Frame Damage Reported to CARFAX,Not all accidents or other issues are reported to CARFAX. The number of owners is estimated. See the full CARFAX Report for additional information and glossary of terms. 14.Mar.2022 01:21:16,VERSA S/S PLUS/SV/SL,0,Y,N,3,N,2017,http://www.carfaxonline.com/phoenix/img/checkmark_bw.jpg,05/31/2022
3N1CN7AP8HL801750,628192563,14.Mar.2022 01:21:16,Y,N,No Total Loss Reported to CARFAX,http://www.carfaxonline.com/phoenix/img/cfx_logo_bw.jpg,No Airbag Deployment Reported to CARFAX,N,http://www.carfaxonline.com/phoenix/img/ask_text_bw.jpg,N,CIP,No Indication of an Odometer Rollback,No Accidents / Damage Reported to CARFAX,http://www.carfaxonline.com/phoenix/img/summary.jpg,No Manufacturer Recalls Reported to CARFAX,Vehicle Qualifies for the CARFAX Buyback Guarantee,2 Owners,NISSAN,http://www.carfaxonline.com/phoenix/img/bbg_logo_bw.jpg,2,No Structural/Frame Damage Reported to CARFAX,Not all accidents or other issues are reported to CARFAX. The number of owners is estimated. See the full CARFAX Report for additional information and glossary of terms. 14.Mar.2022 01:21:16,VERSA S/S PLUS/SV/SL,0,Y,N,16,N,2017,http://www.carfaxonline.com/phoenix/img/checkmark_bw.jpg,05/19/2022
