Stock Number,Make,Model,Description,Photo Count,Photo Url,Year,Vin,Price,Exterior Color,Interior Color,Miles,Drive Train,Transmission,Store Name,Store Id,Highlights,Mileage City,Mileage Highway,Is Transferable,Transfer Type,Is New,Is New Arrival,Is Saved,Is Saleable,Is Sold,Cylinders,Engine Size,Average Rating,Number Of Reviews,Links,Trim,Body,Features,Fuel Type,Horsepower,Torque,CurrentAsOf,Msrp,Store Latitude,Store Longitude,Store Phone Number,Owner Count,Accident Count,Saved Count,Manufacturer Warranty,Transfer Headline,Transfer Text,Transfer SubText,Transfer Fee,IsToyotaCertified,Vehicle URL
13864818,Acura,ILX,2014 Acura ILX,0,http://img2.carmax.com/image/13864818/216/162,2014,19VDE1F35EE003218,18998.0,Black,Black,29K,2WD,Automatic,Fremont,6071,"Leather Seats, Rear View Camera, Front Seat Heaters, Sunroof(s), Auxiliary Audio Input, Overhead Airbags",24,35,True,NotApplicable,False,False,False,True,False,4,2.0L,3.667,3,https://api.carmax.com/v1/api/vehicles/13864818,,4D Sedan,"2WD, ABS Brakes, Air Conditioning, Alloy Wheels, AM/FM Stereo, Automatic Transmission, Auxiliary Audio Input, Bluetooth, CD Audio, Cruise Control, Front Seat Heaters, Leather Seats, Overhead Airbags, Power Locks, Power Mirrors, Power Seat(s), Power Windows, Rear Defroster, Rear View Camera, Side Airbags, Smart Key, Sunroof(s), Traction Control",Unleaded Premium,150,140,2016-12-11T22:10:15,26900.0,37.501840,-121.963345,(510) 270-9222,1,0,2,"Balance of 4 Years or 50,000 Miles",Located at,"Located at 44100 Christy St. Fremont, CA","44100 Christy St. Fremont, CA",0.0,False,https://www.carmax.com/cars/Acura/ILX/2014/13864818
13827163,Acura,MDX,2014 Acura MDX,0,http://img2.carmax.com/image/13827163/216/162,2014,5FRYD4H25EB017761,28998.0,Black,Black,50K,4WD,Automatic,Fremont,6071,"Power Liftgate/DeckLid, 4WD/AWD, Leather Seats, Satellite Radio Ready, Rear View Camera, 3rd Rear Seat",18,27,True,NotApplicable,False,False,False,True,False,6,3.5L,4.8,5,https://api.carmax.com/v1/api/vehicles/13827163,,4D Sport Utility,"3rd Rear Seat, 4WD/AWD, ABS Brakes, Air Conditioning, Alloy Wheels, AM/FM Stereo, Automatic Transmission, Auxiliary Audio Input, Bluetooth, CD Audio, Cruise Control, Fold-Away Third Row, Front Seat Heaters, Leather Seats, Memory Seat(s), Overhead Airbags, Power Liftgate/DeckLid, Power Locks, Power Mirrors, Power Seat(s), Power Windows, Rear Air Conditioning, Rear Defroster, Rear View Camera, Satellite Radio Ready, Side Airbags, SiriusXM Trial Avail, Smart Key, Sunroof(s), Traction Control",Unleaded Premium,290,267,2016-12-11T22:10:15,44300.0,37.501840,-121.963345,(510) 270-9222,1,1,8,"Balance of 4 Years or 50,000 Miles",Located at,"Located at 44100 Christy St. Fremont, CA","44100 Christy St. Fremont, CA",0.0,False,https://www.carmax.com/cars/Acura/MDX/2014/13827163
13226504,Acura,RDX,2013 Acura RDX AWD,0,http://img2.carmax.com/image/13226504/216/162,2013,5J8TB4H33DL007298,26998.0,Gray,Black,22K,4WD,Automatic,Fremont,6071,"4WD/AWD, Leather Seats, Satellite Radio Ready, Rear View Camera, Sunroof(s), Front Seat Heaters",19,27,False,NotApplicable,False,False,False,True,False,6,3.5L,4.615,13,https://api.carmax.com/v1/api/vehicles/13226504,AWD,4D Sport Utility,"4WD/AWD, ABS Brakes, Air Conditioning, Alloy Wheels, AM/FM Stereo, Automatic Transmission, Auxiliary Audio Input, Bluetooth, CD Audio, Cruise Control, Front Seat Heaters, Leather Seats, Memory Seat(s), Overhead Airbags, Power Locks, Power Mirrors, Power Seat(s), Power Windows, Rear Defroster, Rear View Camera, Satellite Radio Ready, Side Airbags, SiriusXM Trial Avail, Smart Key, Sunroof(s), Traction Control",Unleaded Premium,273,251,2016-12-11T22:10:15,35800.0,37.501840,-121.963345,(510) 270-9222,3,1,42,"Balance of 4 Years or 50,000 Miles",Located at,"Located at 44100 Christy St. Fremont, CA","44100 Christy St. Fremont, CA",,False,https://www.carmax.com/cars/Acura/RDX/2013/13226504
13416897,Acura,TL,2005 Acura TL 3.2,0,http://img2.carmax.com/image/13416897/216/162,2005,19UUA66255A012593,11599.0,Blue,Gray,102K,2WD,Automatic,Fremont,6071,"Leather Seats, Sunroof(s), Front Seat Heaters, Cruise Control, Rear Spoiler, Alloy Wheels",18,26,True,NotApplicable,False,False,False,True,False,6,3.2L,4.857,28,https://api.carmax.com/v1/api/vehicles/13416897,3.2,4D Sedan,"2WD, ABS Brakes, Air Conditioning, Alloy Wheels, AM/FM Stereo, Automatic Transmission, Cassette Player, CD Audio, Cruise Control, Front Seat Heaters, Leather Seats, Memory Seat(s), Overhead Airbags, Power Locks, Power Mirrors, Power Seat(s), Power Windows, Rear Defroster, Rear Spoiler, Satellite Radio Ready, Side Airbags, SiriusXM Trial Avail, Sunroof(s), Traction Control",Unleaded Premium,270,238,2016-12-11T22:10:15,32900.0,37.501840,-121.963345,(510) 270-9222,1,0,29,,Located at,"Located at 44100 Christy St. Fremont, CA","44100 Christy St. Fremont, CA",0.0,False,https://www.carmax.com/cars/Acura/TL/2005/13416897
13863077,Acura,TL,2013 Acura TL SH-AWD,0,http://img2.carmax.com/image/13863077/216/162,2013,19UUA9F50DA000202,26998.0,Red,Tan,26K,4WD,Automatic,Fremont,6071,"Technology Package, 4WD/AWD, Leather Seats, Sunroof(s), Rear View Camera, Navigation System",18,26,True,NotApplicable,False,False,False,True,False,6,3.7L,4.5,8,https://api.carmax.com/v1/api/vehicles/13863077,SH-AWD,4D Sedan,"4WD/AWD, ABS Brakes, Air Conditioning, Alloy Wheels, AM/FM Stereo, Automatic Transmission, Auxiliary Audio Input, Bluetooth, CD Audio, Cruise Control, Front Seat Heaters, Leather Seats, Memory Seat(s), Navigation System, Overhead Airbags, Power Locks, Power Mirrors, Power Seat(s), Power Windows, Rear Defroster, Rear Spoiler, Rear View Camera, Satellite Radio Ready, Side Airbags, SiriusXM Trial Avail, Smart Key, Sunroof(s), Traction Control",Unleaded Premium,305,273,2016-12-11T22:10:15,43200.0,37.501840,-121.963345,(510) 270-9222,2,0,11,"Balance of 4 Years or 50,000 Miles",Located at,"Located at 44100 Christy St. Fremont, CA","44100 Christy St. Fremont, CA",0.0,False,https://www.carmax.com/cars/Acura/TL/2013/13863077
13864565,Audi,A4,2013 Audi A4 Premium Plus,0,http://img2.carmax.com/image/13864565/216/162,2013,WAUFFAFL7DN051002,22599.0,Black,Black,57K,4WD,Automatic,Fremont,6071,"4WD/AWD, Turbo Charged Engine, Leather Seats, Parking Sensors, Rear View Camera, Navigation System",20,30,True,NotApplicable,False,False,False,True,False,4,2.0L,4.833,6,https://api.carmax.com/v1/api/vehicles/13864565,Premium Plus,4D Sedan,"4WD/AWD, ABS Brakes, Air Conditioning, Alloy Wheels, AM/FM Stereo, Automatic Transmission, Auxiliary Audio Input, Bluetooth, CD Audio, Cruise Control, Front Seat Heaters, Leather Seats, Memory Seat(s), Navigation System, Overhead Airbags, Parking Sensors, Power Locks, Power Mirrors, Power Seat(s), Power Windows, Rear Defroster, Rear View Camera, Satellite Radio Ready, Side Airbags, SiriusXM Trial Avail, Smart Key, Sunroof(s), Traction Control, Turbo Charged Engine",Unleaded Premium,211,258,2016-12-11T22:10:15,40000.0,37.501840,-121.963345,(510) 270-9222,1,0,2,,Located at,"Located at 44100 Christy St. Fremont, CA","44100 Christy St. Fremont, CA",0.0,False,https://www.carmax.com/cars/Audi/A4/2013/13864565
13507174,Audi,A5,2016 Audi A5 Premium,0,http://img2.carmax.com/image/13507174/216/162,2016,WAUD2AFH4GN001094,30998.0,Black,Black,31K,4WD,Automatic,Fremont,6071,"4WD/AWD, Turbo Charged Engine, Leather Seats, Satellite Radio Ready, Auxiliary Audio Input, ABS Brakes",21,29,True,NotApplicable,False,False,False,True,False,4,2.0L,0.0,0,https://api.carmax.com/v1/api/vehicles/13507174,Premium,2D Convertible,"4WD/AWD, ABS Brakes, Air Conditioning, Alloy Wheels, AM/FM Stereo, Automatic Transmission, Auxiliary Audio Input, Bluetooth, CD Audio, Cruise Control, Leather Seats, Power Locks, Power Mirrors, Power Windows, Rear Defroster, Satellite Radio Ready, Side Airbags, SiriusXM Trial Avail, Smart Key, Soft Top, Traction Control, Turbo Charged Engine",Unleaded Premium,220,258,2016-12-11T22:10:15,47600.0,37.501840,-121.963345,(510) 270-9222,1,0,17,"Balance of 4 Years or 50,000 Miles",Located at,"Located at 44100 Christy St. Fremont, CA","44100 Christy St. Fremont, CA",0.0,False,https://www.carmax.com/cars/Audi/A5/2016/13507174
13805953,BMW,128,2013 BMW 128 I,0,http://img2.carmax.com/image/13805953/216/162,2013,WBAUN1C56DVR01363,23599.0,Black,Tan,23K,2WD,Automatic,Fremont,6071,"Premium Package, Technology Package, Run Flat Tires, Leather Seats, Navigation System, Front Seat Heaters",18,27,True,NotApplicable,False,False,False,True,False,6,3.0L,5.0,6,https://api.carmax.com/v1/api/vehicles/13805953,I,2D Convertible,"2WD, ABS Brakes, Air Conditioning, Alloy Wheels, AM/FM Stereo, Automatic Transmission, Auxiliary Audio Input, Bluetooth, CD Audio, Cruise Control, Front Seat Heaters, Leather Seats, Memory Seat(s), Navigation System, Power Locks, Power Mirrors, Power Seat(s), Power Windows, Rear Defroster, Run Flat Tires, Satellite Radio Ready, Side Airbags, SiriusXM Trial Avail, Smart Key, Soft Top, Traction Control",Unleaded Premium,230,200,2016-12-11T22:10:15,36900.0,37.501840,-121.963345,(510) 270-9222,1,0,0,"Balance of 4 Years or 50,000 Miles",Located at,"Located at 44100 Christy St. Fremont, CA","44100 Christy St. Fremont, CA",0.0,False,https://www.carmax.com/cars/BMW/128/2013/13805953
13444924,BMW,135,2008 BMW 135 I,0,http://img2.carmax.com/image/13444924/216/162,2008,WBAUN93508VK39736,17998.0,Black,Gray,38K,2WD,Automatic,Fremont,6071,"Premium Package, Sport Package, Cold Weather Package, Run Flat Tires, Turbo Charged Engine, Leather Seats",17,26,True,NotApplicable,False,False,False,True,False,6,3.0L,4.647,17,https://api.carmax.com/v1/api/vehicles/13444924,I,2D Convertible,"2WD, ABS Brakes, Air Conditioning, Alloy Wheels, AM/FM Stereo, Automatic Transmission, Auxiliary Audio Input, Bluetooth, CD Audio, Cruise Control, Front Seat Heaters, Leather Seats, Memory Seat(s), Power Locks, Power Mirrors, Power Seat(s), Power Windows, Rear Defroster, Run Flat Tires, Satellite Radio Ready, Side Airbags, Soft Top, Traction Control, Turbo Charged Engine",Unleaded Regular,0,0,2016-12-11T22:10:15,39900.0,37.501840,-121.963345,(510) 270-9222,2,0,17,,Located at,"Located at 44100 Christy St. Fremont, CA","44100 Christy St. Fremont, CA",0.0,False,https://www.carmax.com/cars/BMW/135/2008/13444924
13506710,BMW,320,2013 BMW 320 I,0,http://img2.carmax.com/image/13506710/216/162,2013,WBA3B1C5XDK129195,22998.0,White,Tan,16K,2WD,Automatic,Fremont,6071,"Premium Package, Run Flat Tires, Turbo Charged Engine, Leatherette Seats, Navigation System, Front Seat Heaters",24,36,True,NotApplicable,False,False,False,True,False,4,2.0L,0.0,0,https://api.carmax.com/v1/api/vehicles/13506710,I,4D Sedan,"2WD, ABS Brakes, Air Conditioning, Alloy Wheels, AM/FM Stereo, Automatic Transmission, Auxiliary Audio Input, Bluetooth, CD Audio, Cruise Control, Front Seat Heaters, Leatherette Seats, Memory Seat(s), Navigation System, Overhead Airbags, Power Locks, Power Mirrors, Power Seat(s), Power Windows, Rear Defroster, Run Flat Tires, Satellite Radio Ready, Side Airbags, SiriusXM Trial Avail, Sunroof(s), Traction Control, Turbo Charged Engine",Unleaded Premium,0,255,2016-12-11T22:10:15,35900.0,37.501840,-121.963345,(510) 270-9222,1,0,24,"Balance of 4 Years or 50,000 Miles",Located at,"Located at 44100 Christy St. Fremont, CA","44100 Christy St. Fremont, CA",0.0,False,https://www.carmax.com/cars/BMW/320/2013/13506710
13618461,BMW,320,2014 BMW 320 I,0,http://img2.carmax.com/image/13618461/216/162,2014,WBA3B1C51EK133332,22998.0,Blue,Tan,27K,2WD,Automatic,Fremont,6071,"Turbo Charged Engine, Leatherette Seats, Navigation System, Sunroof(s), Satellite Radio Ready, Auxiliary Audio Input",24,36,True,NotApplicable,False,False,False,True,False,4,2.0L,5.0,2,https://api.carmax.com/v1/api/vehicles/13618461,,,,,,,,,,,,,,,,,,,,,https://www.carmax.com/cars/BMW/320/2014/13618461
13805969,BMW,320,2014 BMW 320 I,0,http://img2.carmax.com/image/13805969/216/162,2014,WBA3B1C58EK132890,23998.0,White,Black,18K,2WD,Automatic,Fremont,6071,"Turbo Charged Engine, Leatherette Seats, Navigation System, Front Seat Heaters, Sunroof(s), Auxiliary Audio Input",24,36,True,NotApplicable,False,False,False,True,False,4,2.0L,5.0,2,https://api.carmax.com/v1/api/vehicles/13805969,I,4D Sedan,"2WD, ABS Brakes, Air Conditioning, Alloy Wheels, AM/FM Stereo, Automatic Transmission, Auxiliary Audio Input, Bluetooth, CD Audio, Cruise Control, Front Seat Heaters, Leatherette Seats, Navigation System, Overhead Airbags, Power Locks, Power Mirrors, Power Windows, Rear Defroster, Side Airbags, Smart Key, Sunroof(s), Traction Control, Turbo Charged Engine",Unleaded Premium,180,200,2016-12-11T22:10:15,32700.0,37.501840,-121.963345,(510) 270-9222,1,0,5,"Balance of 4 Years or 50,000 Miles",Located at,"Located at 44100 Christy St. Fremont, CA","44100 Christy St. Fremont, CA",0.0,False,https://www.carmax.com/cars/BMW/320/2014/13805969
13805963,BMW,320,2013 BMW 320 XI,0,http://img2.carmax.com/image/13805963/216/162,2013,WBA3C3C55DF980774,20998.0,Gray,Black,37K,4WD,Automatic,Fremont,6071,"Sport Package, Run Flat Tires, 4WD/AWD, Turbo Charged Engine, Leatherette Seats, Front Seat Heaters",23,35,True,NotApplicable,False,False,False,True,False,4,2.0L,0.0,0,https://api.carmax.com/v1/api/vehicles/13805963,XI,4D Sedan,"4WD/AWD, ABS Brakes, Air Conditioning, Alloy Wheels, AM/FM Stereo, Automatic Transmission, Auxiliary Audio Input, Bluetooth, CD Audio, Cruise Control, Front Seat Heaters, Leatherette Seats, Overhead Airbags, Power Locks, Power Mirrors, Power Windows, Rear Defroster, Run Flat Tires, Side Airbags, Sunroof(s), Traction Control, Turbo Charged Engine",Unleaded Premium,0,255,2016-12-11T22:10:15,34600.0,37.501840,-121.963345,(510) 270-9222,1,0,1,"Balance of 4 Years or 50,000 Miles",Located at,"Located at 44100 Christy St. Fremont, CA","44100 Christy St. Fremont, CA",0.0,False,https://www.carmax.com/cars/BMW/320/2013/13805963
13748576,BMW,328,2013 BMW 328 I,0,http://img2.carmax.com/image/13748576/216/162,2013,WBA3C1C53DF438531,21998.0,Gray,Gray,23K,2WD,Automatic,Fremont,6071,"Premium Package, Run Flat Tires, Turbo Charged Engine, Leather Seats, Navigation System, Sunroof(s)",23,33,True,NotApplicable,False,False,False,True,False,4,2.0L,4.8,15,https://api.carmax.com/v1/api/vehicles/13748576,I,4D Sedan,"2WD, ABS Brakes, Air Conditioning, Alloy Wheels, AM/FM Stereo, Automatic Transmission, Auxiliary Audio Input, Bluetooth, CD Audio, Cruise Control, Leather Seats, Memory Seat(s), Navigation System, Overhead Airbags, Power Locks, Power Mirrors, Power Seat(s), Power Windows, Rear Defroster, Run Flat Tires, Satellite Radio Ready, Side Airbags, SiriusXM Trial Avail, Smart Key, Sunroof(s), Traction Control, Turbo Charged Engine",Unleaded Premium,240,255,2016-12-11T22:10:15,36500.0,37.501840,-121.963345,(510) 270-9222,1,1,15,"Balance of 4 Years or 50,000 Miles",Located at,"Located at 44100 Christy St. Fremont, CA","44100 Christy St. Fremont, CA",0.0,False,https://www.carmax.com/cars/BMW/328/2013/13748576
13748577,BMW,328,2012 BMW 328 I,0,http://img2.carmax.com/image/13748577/216/162,2012,WBA3C1C51CF434010,19998.0,Gray,Black,21K,2WD,Automatic,Fremont,6071,"Run Flat Tires, Turbo Charged Engine, Leatherette Seats, Auxiliary Audio Input, Overhead Airbags, ABS Brakes",24,36,True,NotApplicable,False,False,False,True,False,4,2.0L,4.588,17,https://api.carmax.com/v1/api/vehicles/13748577,I,4D Sedan,"2WD, ABS Brakes, Air Conditioning, Alloy Wheels, AM/FM Stereo, Automatic Transmission, Auxiliary Audio Input, Bluetooth, CD Audio, Cruise Control, Leatherette Seats, Overhead Airbags, Power Locks, Power Mirrors, Power Windows, Rear Defroster, Run Flat Tires, Side Airbags, Traction Control, Turbo Charged Engine",Unleaded Premium,240,255,2016-12-11T22:10:15,34900.0,37.501840,-121.963345,(510) 270-9222,1,0,30,"Balance of 4 Years or 50,000 Miles",Located at,"Located at 44100 Christy St. Fremont, CA","44100 Christy St. Fremont, CA",0.0,False,https://www.carmax.com/cars/BMW/328/2012/13748577
13804978,BMW,328,2010 BMW 328 I,0,http://img2.carmax.com/image/13804978/216/162,2010,WBAPH5G51ANM69797,16599.0,White,Black,54K,2WD,Automatic,Fremont,6071,"Sport Package, Run Flat Tires, Leather Seats, Navigation System, Sunroof(s), Auxiliary Audio Input",18,28,True,NotApplicable,False,False,False,True,False,6,3.0L,4.72,25,https://api.carmax.com/v1/api/vehicles/13804978,I,4D Sedan,"2WD, ABS Brakes, Air Conditioning, Alloy Wheels, AM/FM Stereo, Automatic Transmission, Auxiliary Audio Input, Bluetooth, CD Audio, Cruise Control, Leather Seats, Memory Seat(s), Navigation System, Overhead Airbags, Power Locks, Power Mirrors, Power Seat(s), Power Windows, Rear Defroster, Run Flat Tires, Side Airbags, Sunroof(s), Traction Control",Unleaded Premium,230,200,2016-12-11T22:10:15,32900.0,37.501840,-121.963345,(510) 270-9222,2,2,15,,Located at,"Located at 44100 Christy St. Fremont, CA","44100 Christy St. Fremont, CA",0.0,False,https://www.carmax.com/cars/BMW/328/2010/13804978
13805688,BMW,328,2013 BMW 328 I,0,http://img2.carmax.com/image/13805688/216/162,2013,WBA3C1C55DF442211,19998.0,Red,Black,29K,2WD,Automatic,Fremont,6071,"Premium Package, Run Flat Tires, Turbo Charged Engine, Leatherette Seats, Sunroof(s), Auxiliary Audio Input",23,33,True,NotApplicable,False,False,False,True,False,4,2.0L,4.8,15,https://api.carmax.com/v1/api/vehicles/13805688,I,4D Sedan,"2WD, ABS Brakes, Air Conditioning, Alloy Wheels, AM/FM Stereo, Automatic Transmission, Auxiliary Audio Input, Bluetooth, CD Audio, Cruise Control, Leatherette Seats, Memory Seat(s), Overhead Airbags, Power Locks, Power Mirrors, Power Seat(s), Power Windows, Rear Defroster, Run Flat Tires, Side Airbags, Sunroof(s), Traction Control, Turbo Charged Engine",Unleaded Premium,240,255,2016-12-11T22:10:15,36500.0,37.501840,-121.963345,(510) 270-9222,1,0,1,"Balance of 4 Years or 50,000 Miles",Located at,"Located at 44100 Christy St. Fremont, CA","44100 Christy St. Fremont, CA",0.0,False,https://www.carmax.com/cars/BMW/328/2013/13805688
13805993,BMW,328,2013 BMW 328 I,0,http://img2.carmax.com/image/13805993/216/162,2013,WBAKE5C57DJ107218,20998.0,Gray,Black,39K,2WD,Automatic,Fremont,6071,"Premium Package, Run Flat Tires, Leather Seats, Navigation System, Front Seat Heaters, Sunroof(s)",18,28,True,NotApplicable,False,False,False,True,False,6,3.0L,4.8,15,https://api.carmax.com/v1/api/vehicles/13805993,I,2D Coupe,"2WD, ABS Brakes, Air Conditioning, Alloy Wheels, AM/FM Stereo, Automatic Transmission, Auxiliary Audio Input, Bluetooth, CD Audio, Cruise Control, Front Seat Heaters, Leather Seats, Memory Seat(s), Navigation System, Overhead Airbags, Power Locks, Power Mirrors, Power Seat(s), Power Windows, Rear Defroster, Run Flat Tires, Side Airbags, Sunroof(s), Traction Control",Unleaded Premium,230,200,2016-12-11T22:10:15,38700.0,37.501840,-121.963345,(510) 270-9222,1,0,2,"Balance of 4 Years or 50,000 Miles",Located at,"Located at 44100 Christy St. Fremont, CA","44100 Christy St. Fremont, CA",0.0,False,https://www.carmax.com/cars/BMW/328/2013/13805993
13805995,BMW,328,2013 BMW 328 I,0,http://img2.carmax.com/image/13805995/216/162,2013,WBADW7C54DE732587,25998.0,White,Red,18K,2WD,Automatic,Fremont,6071,"Run Flat Tires, Leatherette Seats, Navigation System, Front Seat Heaters, Auxiliary Audio Input, Memory Seat(s)",18,27,True,NotApplicable,False,False,False,True,False,6,3.0L,4.8,15,https://api.carmax.com/v1/api/vehicles/13805995,I,2D Convertible,"2WD, ABS Brakes, Air Conditioning, Alloy Wheels, AM/FM Stereo, Auxiliary Audio Input, Bluetooth, CD Audio, Cruise Control, Front Seat Heaters, Hard Top, Leatherette Seats, Memory Seat(s), Navigation System, Power Locks, Power Mirrors, Power Seat(s), Power Windows, Rear Defroster, Run Flat Tires, Side Airbags, Traction Control",Unleaded Premium,230,200,2016-12-11T22:10:15,47600.0,37.501840,-121.963345,(510) 270-9222,1,0,1,"Balance of 4 Years or 50,000 Miles",Located at,"Located at 44100 Christy St. Fremont, CA","44100 Christy St. Fremont, CA",0.0,False,https://www.carmax.com/cars/BMW/328/2013/13805995
13805997,BMW,328,2013 BMW 328 I,0,http://img2.carmax.com/image/13805997/216/162,2013,WBAKE5C58DJ106904,21998.0,Gray,Gray,27K,2WD,Automatic,Fremont,6071,"Run Flat Tires, Leather Seats, Navigation System, Sunroof(s), Satellite Radio Ready, Auxiliary Audio Input",18,28,True,NotApplicable,False,False,False,True,False,6,3.0L,4.8,15,https://api.carmax.com/v1/api/vehicles/13805997,I,2D Coupe,"2WD, ABS Brakes, Air Conditioning, Alloy Wheels, AM/FM Stereo, Automatic Transmission, Auxiliary Audio Input, Bluetooth, CD Audio, Cruise Control, Leather Seats, Memory Seat(s), Navigation System, Overhead Airbags, Power Locks, Power Mirrors, Power Seat(s), Power Windows, Rear Defroster, Run Flat Tires, Satellite Radio Ready, Side Airbags, SiriusXM Trial Avail, Sunroof(s), Traction Control",Unleaded Premium,230,200,2016-12-11T22:10:15,38700.0,37.501840,-121.963345,(510) 270-9222,1,0,1,"Balance of 4 Years or 50,000 Miles",Located at,"Located at 44100 Christy St. Fremont, CA","44100 Christy St. Fremont, CA",0.0,False,https://www.carmax.com/cars/BMW/328/2013/13805997
